2nd quartile,3rd quartile,90th percentile,Max to Triples Ratio,r1,AUC,Dataset
2,6,15,0.0714,-0.001786,-0.000277,BioPortal
1,1,17,0.0552,0.060087,-0.016038,DBSNP
1,1,12,0.0659,0.100103,-0.007412,DrugBank
1,1,7,0.1129,0.017222,0.020627,OMIM
1,1,8,0.0938,0.0555044,0.023006,PharmGKB
1,1,16,0.0704,0.072561,-0.026015,GOA
1,1,8,0.0975,0.0546002,-0.023143,HGNC
2,2,12,0.1358,0.2009889,-0.07156,KEGG
1,2,8,0.0718,0.041291,-0.025917,LSR
