{"epoch_idx": 0, "edge_path_idx": 0, "edge_chunk_idx": 0, "lhs_partition": 0, "rhs_partition": 0, "index": 1, "stats": {"count": 483142, "metrics": {"loss": 9882.734877251034, "violators_lhs": 104.95578525568052, "violators_rhs": 96.78091120208965}}}
{"epoch_idx": 1, "edge_path_idx": 0, "edge_chunk_idx": 0, "lhs_partition": 0, "rhs_partition": 0, "index": 2, "stats": {"count": 483142, "metrics": {"loss": 11920.779834169625, "violators_lhs": 11.794797388759413, "violators_rhs": 7.449915345798957}}}
{"epoch_idx": 2, "edge_path_idx": 0, "edge_chunk_idx": 0, "lhs_partition": 0, "rhs_partition": 0, "index": 3, "stats": {"count": 483142, "metrics": {"loss": 2855.1129434821814, "violators_lhs": 9.771609588899329, "violators_rhs": 6.02794416548344}}}
{"epoch_idx": 3, "edge_path_idx": 0, "edge_chunk_idx": 0, "lhs_partition": 0, "rhs_partition": 0, "index": 4, "stats": {"count": 483142, "metrics": {"loss": 631.070529392837, "violators_lhs": 9.049149111441357, "violators_rhs": 5.5571819465084795}}}
{"epoch_idx": 4, "edge_path_idx": 0, "edge_chunk_idx": 0, "lhs_partition": 0, "rhs_partition": 0, "index": 5, "stats": {"count": 483142, "metrics": {"loss": 385.0004427545733, "violators_lhs": 8.671028393308799, "violators_rhs": 5.308151640718464}}}
{"epoch_idx": 5, "edge_path_idx": 0, "edge_chunk_idx": 0, "lhs_partition": 0, "rhs_partition": 0, "index": 6, "stats": {"count": 483142, "metrics": {"loss": 122.47723196726616, "violators_lhs": 8.45091298210464, "violators_rhs": 5.17200326198095}}}
{"epoch_idx": 6, "edge_path_idx": 0, "edge_chunk_idx": 0, "lhs_partition": 0, "rhs_partition": 0, "index": 7, "stats": {"count": 483142, "metrics": {"loss": 542.7244500287261, "violators_lhs": 8.292394368529335, "violators_rhs": 5.075789312458863}}}
{"epoch_idx": 7, "edge_path_idx": 0, "edge_chunk_idx": 0, "lhs_partition": 0, "rhs_partition": 0, "index": 8, "stats": {"count": 483142, "metrics": {"loss": 233.2978732692172, "violators_lhs": 8.198407507523669, "violators_rhs": 5.004801900890421}}}
{"epoch_idx": 8, "edge_path_idx": 0, "edge_chunk_idx": 0, "lhs_partition": 0, "rhs_partition": 0, "index": 9, "stats": {"count": 483142, "metrics": {"loss": 370.34890242244427, "violators_lhs": 8.128719920851427, "violators_rhs": 4.97564277169031}}}
{"epoch_idx": 9, "edge_path_idx": 0, "edge_chunk_idx": 0, "lhs_partition": 0, "rhs_partition": 0, "index": 10, "stats": {"count": 483142, "metrics": {"loss": 141.55063987411782, "violators_lhs": 8.100295565278945, "violators_rhs": 4.933907629640975}}}
{"epoch_idx": 10, "edge_path_idx": 0, "edge_chunk_idx": 0, "lhs_partition": 0, "rhs_partition": 0, "index": 11, "stats": {"count": 483142, "metrics": {"loss": 800.7680568761945, "violators_lhs": 8.062896622525054, "violators_rhs": 4.906932123475086}}}
{"epoch_idx": 11, "edge_path_idx": 0, "edge_chunk_idx": 0, "lhs_partition": 0, "rhs_partition": 0, "index": 12, "stats": {"count": 483142, "metrics": {"loss": 477.3332969063914, "violators_lhs": 8.013364600883385, "violators_rhs": 4.882554197316731}}}
{"epoch_idx": 12, "edge_path_idx": 0, "edge_chunk_idx": 0, "lhs_partition": 0, "rhs_partition": 0, "index": 13, "stats": {"count": 483142, "metrics": {"loss": 460.3162666765892, "violators_lhs": 8.014794822226177, "violators_rhs": 4.860413708599128}}}
{"epoch_idx": 13, "edge_path_idx": 0, "edge_chunk_idx": 0, "lhs_partition": 0, "rhs_partition": 0, "index": 14, "stats": {"count": 483142, "metrics": {"loss": 1398.395312335064, "violators_lhs": 7.982342665303368, "violators_rhs": 4.835932293197445}}}
{"epoch_idx": 14, "edge_path_idx": 0, "edge_chunk_idx": 0, "lhs_partition": 0, "rhs_partition": 0, "index": 15, "stats": {"count": 483142, "metrics": {"loss": 181.3452104145064, "violators_lhs": 7.9956803589834875, "violators_rhs": 4.8202578124029785}}}
{"epoch_idx": 15, "edge_path_idx": 0, "edge_chunk_idx": 0, "lhs_partition": 0, "rhs_partition": 0, "index": 16, "stats": {"count": 483142, "metrics": {"loss": 148.25158961448494, "violators_lhs": 7.980837931705379, "violators_rhs": 4.802643943188545}}}
{"epoch_idx": 16, "edge_path_idx": 0, "edge_chunk_idx": 0, "lhs_partition": 0, "rhs_partition": 0, "index": 17, "stats": {"count": 483142, "metrics": {"loss": 136.1942277762075, "violators_lhs": 7.979190382951596, "violators_rhs": 4.818347400971143}}}
{"epoch_idx": 17, "edge_path_idx": 0, "edge_chunk_idx": 0, "lhs_partition": 0, "rhs_partition": 0, "index": 18, "stats": {"count": 483142, "metrics": {"loss": 40.897246104720466, "violators_lhs": 7.979395291653385, "violators_rhs": 4.785015585480045}}}
{"epoch_idx": 18, "edge_path_idx": 0, "edge_chunk_idx": 0, "lhs_partition": 0, "rhs_partition": 0, "index": 19, "stats": {"count": 483142, "metrics": {"loss": 510.5681565000791, "violators_lhs": 7.982346804873101, "violators_rhs": 4.771990429314777}}}
{"epoch_idx": 19, "edge_path_idx": 0, "edge_chunk_idx": 0, "lhs_partition": 0, "rhs_partition": 0, "index": 20, "stats": {"count": 483142, "metrics": {"loss": 75.37056660229845, "violators_lhs": 7.9870390071655955, "violators_rhs": 4.779075302913015}}}
{"epoch_idx": 20, "edge_path_idx": 0, "edge_chunk_idx": 0, "lhs_partition": 0, "rhs_partition": 0, "index": 21, "stats": {"count": 483142, "metrics": {"loss": 251.71766674516857, "violators_lhs": 7.979082754138535, "violators_rhs": 4.761989228839554}}}
{"epoch_idx": 21, "edge_path_idx": 0, "edge_chunk_idx": 0, "lhs_partition": 0, "rhs_partition": 0, "index": 22, "stats": {"count": 483142, "metrics": {"loss": 318.30024593003384, "violators_lhs": 7.974872811719949, "violators_rhs": 4.742342830886158}}}
{"epoch_idx": 22, "edge_path_idx": 0, "edge_chunk_idx": 0, "lhs_partition": 0, "rhs_partition": 0, "index": 23, "stats": {"count": 483142, "metrics": {"loss": 42.977071002709586, "violators_lhs": 7.97788227891593, "violators_rhs": 4.745348158512404}}}
{"epoch_idx": 23, "edge_path_idx": 0, "edge_chunk_idx": 0, "lhs_partition": 0, "rhs_partition": 0, "index": 24, "stats": {"count": 483142, "metrics": {"loss": 87.93657393411112, "violators_lhs": 7.975578608359447, "violators_rhs": 4.751131137429575}}}
{"epoch_idx": 24, "edge_path_idx": 0, "edge_chunk_idx": 0, "lhs_partition": 0, "rhs_partition": 0, "index": 25, "stats": {"count": 483142, "metrics": {"loss": 13.867756018132956, "violators_lhs": 7.980490207847796, "violators_rhs": 4.742980324625059}}}
{"epoch_idx": 25, "edge_path_idx": 0, "edge_chunk_idx": 0, "lhs_partition": 0, "rhs_partition": 0, "index": 26, "stats": {"count": 483142, "metrics": {"loss": 55.39405960042645, "violators_lhs": 8.003764938672274, "violators_rhs": 4.732223652673541}}}
{"epoch_idx": 26, "edge_path_idx": 0, "edge_chunk_idx": 0, "lhs_partition": 0, "rhs_partition": 0, "index": 27, "stats": {"count": 483142, "metrics": {"loss": 111.77562147460962, "violators_lhs": 7.991880233968481, "violators_rhs": 4.724110095996622}}}
{"epoch_idx": 27, "edge_path_idx": 0, "edge_chunk_idx": 0, "lhs_partition": 0, "rhs_partition": 0, "index": 28, "stats": {"count": 483142, "metrics": {"loss": 57.50994425208292, "violators_lhs": 7.992395610400255, "violators_rhs": 4.725726597977406}}}
{"epoch_idx": 28, "edge_path_idx": 0, "edge_chunk_idx": 0, "lhs_partition": 0, "rhs_partition": 0, "index": 29, "stats": {"count": 483142, "metrics": {"loss": 110.38649365533726, "violators_lhs": 8.016523092589756, "violators_rhs": 4.717062478525982}}}
{"epoch_idx": 29, "edge_path_idx": 0, "edge_chunk_idx": 0, "lhs_partition": 0, "rhs_partition": 0, "index": 30, "stats": {"count": 483142, "metrics": {"loss": 219.7053976391957, "violators_lhs": 8.024090226061903, "violators_rhs": 4.723251135277}}}
{"epoch_idx": 30, "edge_path_idx": 0, "edge_chunk_idx": 0, "lhs_partition": 0, "rhs_partition": 0, "index": 31, "stats": {"count": 483142, "metrics": {"loss": 16.65276258026561, "violators_lhs": 8.019435279897008, "violators_rhs": 4.724971126501112}}}
{"epoch_idx": 31, "edge_path_idx": 0, "edge_chunk_idx": 0, "lhs_partition": 0, "rhs_partition": 0, "index": 32, "stats": {"count": 483142, "metrics": {"loss": 71.8048623625859,