num_triples,num_sinks,num_sinks_no_dup,num_sources,num_sources_no_dup,num_repeats,num_repeats_no_dup,sink_avg,sink_min,sink_q1,sink_med,sink_q3,sink_max,source_avg,source_min,source_q1,source_med,source_q3,source_max,repeat_avg,repeat_min,repeat_q1,repeat_med,repeat_q3,repeat_max,best_auc,best_r1
12633560,11423953,2981629,11423953,586130,1209607,550671,19.4904841766915,1,15,15,15,7511,3.83142061987612,1,1,1,1,697045,2.19660776871811,1,1,1,1,41273,0.867946,0.0652028 #dbsnp (from CV round 1 ../iterations_search_0/final_set/)
6497964,5446117,2079154,5446117,414454,1051847,399251,13.1404767247432,1,7,10,10,23257,2.61939164650221,1,1,1,1,428081,2.63455228553538,1,1,1,1,38125,0.823933,0.0751645 #drugbank (from CV round 1 ../iterations_search_0/final_set/)
10504995,8864606,4507308,8864606,1121071,1640389,1122401,7.90726805641039,1,5,5,6,16068,1.96671715505511,1,1,1,1,1185608,1.46150035637919,1,1,1,1,48318,0.788168,0.0422123 #omim (from CV round 1 ../iterations_search_0/final_set/)
7113312,6090194,2811465,6090194,641974,1023118,521171,9.48667311553601,1,6,6,6,5762,2.16619739751247,1,1,1,1,666924,1.96311568202314,1,1,1,1,27038,0.781327,0.0562321 #pharmgkb (from CV round 1 ../iterations_search_0/final_set/)
