{
  "losses": [
    0.021207995102053782,
    0.01596302966602513,
    0.011831957785809626,
    0.01612578845414959,
    0.012901910992919421
  ],
  "metrics": {
    "adjusted_mean_rank": {
      "both": 0.8927168068476021,
      "head": 0.9623527890071273,
      "tail": 0.823080824688077
    },
    "hits_at_k": {
      "both": {
        "avg": {
          "1": 0.0,
          "3": 0.0,
          "5": 0.0625,
          "10": 0.3125
        },
        "best": {
          "1": 0.0,
          "3": 0.0,
          "5": 0.0625,
          "10": 0.3125
        },
        "worst": {
          "1": 0.0,
          "3": 0.0,
          "5": 0.0625,
          "10": 0.3125
        }
      },
      "head": {
        "avg": {
          "1": 0.0,
          "3": 0.0,
          "5": 0.0625,
          "10": 0.3125
        },
        "best": {
          "1": 0.0,
          "3": 0.0,
          "5": 0.0625,
          "10": 0.3125
        },
        "worst": {
          "1": 0.0,
          "3": 0.0,
          "5": 0.0625,
          "10": 0.3125
        }
      },
      "tail": {
        "avg": {
          "1": 0.0,
          "3": 0.0,
          "5": 0.0625,
          "10": 0.3125
        },
        "best": {
          "1": 0.0,
          "3": 0.0,
          "5": 0.0625,
          "10": 0.3125
        },
        "worst": {
          "1": 0.0,
          "3": 0.0,
          "5": 0.0625,
          "10": 0.3125
        }
      }
    },
    "mean_rank": {
      "both": {
        "avg": 17.75,
        "best": 17.75,
        "worst": 17.75
      },
      "head": {
        "avg": 18.6875,
        "best": 18.6875,
        "worst": 18.6875
      },
      "tail": {
        "avg": 16.8125,
        "best": 16.8125,
        "worst": 16.8125
      }
    },
    "mean_reciprocal_rank": {
      "both": {
        "avg": 0.08142706574753153,
        "best": 0.08142706574753153,
        "worst": 0.08142706574753153
      },
      "head": {
        "avg": 0.07720350086154704,
        "best": 0.07720350086154704,
        "worst": 0.07720350086154704
      },
      "tail": {
        "avg": 0.08565063063351602,
        "best": 0.08565063063351602,
        "worst": 0.08565063063351602
      }
    }
  },
  "times": {
    "evaluation": 0.005785465240478516,
    "training": 0.26575517654418945
  }
}