2nd quartile,3rd quartile,90th percentile,Max to Triples Ratio,r1,AUC,Dataset
1,1,17,0.0552,0.130634,0.701326,DBSNP
1,1,12,0.0659,0.106736,0.718952,DrugBank
1,1,7,0.1129,0.120912,0.642769,OMIM
1,1,8,0.0938,0.0757176,0.658376,PharmGKB
1,1,16,0.0704,0.237325,0.76222,GOA
1,1,8,0.0975,0.0710638,0.686,HGNC
1,2,8,0.0718,0.146003,0.697562,LSR
