Ratio of Sinks to Triples,Ratio of Repeats to Triples,r1,AUC,Dataset
0.1496,0.0503,0.389432,0.809997,BioPortal
0.1814,0.0358,0.309886,0.736205,GOA
0.4447,0.0975,0.125664,0.662857,HGNC
0.4298,0.101,0.187294,0.671645,LSR
