2nd quartile,3rd quartile,90th percentile,Max to Triples Ratio,r1,AUC,Dataset
2,6,15,0.0714,0.389432,0.809997,BioPortal
1,1,17,0.0552,0.190721,0.685288,DBSNP
1,1,12,0.0659,0.206839,0.71154,DrugBank
1,1,7,0.1129,0.138134,0.663396,OMIM
1,1,8,0.0938,0.131222,0.681382,PharmGKB
1,1,16,0.0704,0.309886,0.736205,GOA
1,1,8,0.0975,0.125664,0.662857,HGNC
2,2,12,0.1358,0.294809,0.712559,KEGG
1,2,8,0.0718,0.187294,0.671645,LSR
