{
  "losses": [
    0.004071616834432037,
    0.0038559150381303913,
    0.0038382334999702682,
    0.003695031730972942,
    0.0036958053183915028
  ],
  "metrics": {
    "adjusted_mean_rank": {
      "both": 0.8396484642405415,
      "head": 0.9599276179846247,
      "tail": 0.7193693104964584
    },
    "hits_at_k": {
      "both": {
        "avg": {
          "1": 0.22885572139303484,
          "3": 0.582089552238806,
          "5": 0.7562189054726368,
          "10": 0.9527363184079602
        },
        "best": {
          "1": 0.22885572139303484,
          "3": 0.582089552238806,
          "5": 0.7562189054726368,
          "10": 0.9527363184079602
        },
        "worst": {
          "1": 0.22885572139303484,
          "3": 0.582089552238806,
          "5": 0.7562189054726368,
          "10": 0.9527363184079602
        }
      },
      "head": {
        "avg": {
          "1": 0.15920398009950248,
          "3": 0.5074626865671642,
          "5": 0.6915422885572139,
          "10": 0.945273631840796
        },
        "best": {
          "1": 0.15920398009950248,
          "3": 0.5074626865671642,
          "5": 0.6915422885572139,
          "10": 0.945273631840796
        },
        "worst": {
          "1": 0.15920398009950248,
          "3": 0.5074626865671642,
          "5": 0.6915422885572139,
          "10": 0.945273631840796
        }
      },
      "tail": {
        "avg": {
          "1": 0.29850746268656714,
          "3": 0.6567164179104478,
          "5": 0.8208955223880597,
          "10": 0.9601990049751243
        },
        "best": {
          "1": 0.29850746268656714,
          "3": 0.6567164179104478,
          "5": 0.8208955223880597,
          "10": 0.9601990049751243
        },
        "worst": {
          "1": 0.29850746268656714,
          "3": 0.6567164179104478,
          "5": 0.8208955223880597,
          "10": 0.9601990049751243
        }
      }
    },
    "mean_rank": {
      "both": {
        "avg": 3.925373134328358,
        "best": 3.925373134328358,
        "worst": 3.925373134328358
      },
      "head": {
        "avg": 4.417910447761194,
        "best": 4.417910447761194,
        "worst": 4.417910447761194
      },
      "tail": {
        "avg": 3.4328358208955225,
        "best": 3.4328358208955225,
        "worst": 3.4328358208955225
      }
    },
    "mean_reciprocal_rank": {
      "both": {
        "avg": 0.45311390516614397,
        "best": 0.45311390516614397,
        "worst": 0.45311390516614397
      },
      "head": {
        "avg": 0.3915051918783262,
        "best": 0.3915051918783262,
        "worst": 0.3915051918783262
      },
      "tail": {
        "avg": 0.5147226184539617,
        "best": 0.5147226184539617,
        "worst": 0.5147226184539617
      }
    }
  },
  "times": {
    "evaluation": 0.12010622024536133,
    "training": 0.9012351036071777
  }
}